{
    "xgb_params": {
        "tree_method": "auto",
        "learning_rate": 0.22502761577232197,
        "max_depth": 7,
        "min_child_weight": 2.8420515790248526,
        "subsample": 0.975,
        "colsample_bytree": 0.75,
        "colsample_bylevel": 0.925,
        "gamma": 0.001531824642793309,
        "reg_lambda": 0.010527402680638263,
        "reg_alpha": 1.2647545029756599e-08
    },
    "lgb_params": {
        "boosting_type": "gbdt",    
         "lambda_l1": 3.035082410337794e-05,
         "lambda_l2": 2.7222837773047282e-08,
         "num_leaves": 256,
         "feature_fraction": 0.7532144343509061,
         "bagging_fraction": 0.9735502443957263,
         "bagging_freq": 3,
         "min_child_samples": 25
    },
    "cat_params": {
        "learning_rate": 0.17447854966066342,
        "objective": "RMSE",
        "colsample_bylevel": 0.09999300796304286,
        "depth": 12,
        "boosting_type": "Plain",
        "bootstrap_type": "Bernoulli",
        "subsample": 0.9709524520446949
    }
}